Revocacao;Precisao
0;0.8145714988422245
0.1;0.5392566566600347
0.2;0.3660237678096424
0.3;0.27404662853227263
0.4;0.2201425175591304
0.5;0.156512037999683
0.6;0.1210273390285936
0.7;0.10148238047399083
0.8;0.09082535640085271
0.9;0.08876533167198258
1;0.08876533167198258
