Revocacao;Precisao
0;0.7807345246641992
0.1;0.47720116511197846
0.2;0.297633356603495
0.3;0.22896598662503648
0.4;0.18204834371430137
0.5;0.12524082412105614
0.6;0.09452704135748169
0.7;0.07232025171970213
0.8;0.05567435253696097
0.9;0.042223686542159584
1;0.0347016921154862
