Posição;DCG
1;2.4646464646464645
2;1.6666666666666667
3;0.9432081164502595
4;0.46464646464646464
5;0.5394332646575836
6;0.3555919743266999
7;0.3562071871080222
8;0.21885521885521886
9;0.207123403950226
10;0.19764595674907856
