Posição;DCG
1;1.9595959595959596
2;1.3232323232323233
3;0.7456442542208134
4;0.36363636363636365
5;0.38282360717634945
6;0.285255100284056
7;0.16191235777637375
8;0.18181818181818182
9;0.15295266753247458
10;0.13683181621090054
