Posição;DCG
1;2.323232323232323
2;1.8686868686868687
3;0.7583903098485197
4;0.6313131313131313
5;0.5220321916041131
6;0.5275265553198296
7;0.33821692513286955
8;0.28619528619528617
9;0.25173459864719777
10;0.17636100756071627
