Posição;DCG
1;2.080808080808081
2;1.4242424242424243
3;0.7775093932900786
4;0.5656565656565656
5;0.44807763112686366
6;0.375129994894101
7;0.2662558772322591
8;0.23569023569023564
9;0.2899727655303164
10;0.20980878485671417
