Posição;NDCG
1;0.6439393939393939
2;0.004317425865325182
3;0.0035265970633392273
4;0.0020620999649475593
5;0.016818142288572667
6;0.004947195564848777
7;0.003978235267306796
8;0.0019638688364891086
9;0.001700161070194793
10;0.001466082542334367
