Posição;NDCG
1;0.5589225589225588
2;0.00464469010791353
3;0.007907275265951
4;0.004607893069684356
5;0.01008756562530283
6;0.0022189372216320584
7;0.009735548290381027
8;0.0020483167925024843
9;0.005419296350572431
10;0.004617897963802121
