Posição;NDCG
1;0.5900673400673401
2;0.009867477674903239
3;0.003320025185022771
4;0.0025429327277468198
5;0.0039032413051451912
6;0.008288559489716857
7;0.0036367066507553792
8;0.0062708987894047165
9;0.00363354750264036
10;0.001069701192605727
