Posição;NDCG
1;0.5454545454545454
2;0.015169738576348575
3;0.008763015732767044
4;0.00721824279793916
5;0.006578767230401578
6;0.006298333077717582
7;0.006113338279863287
8;0.0059755602143673385
9;0.0058772162372882795
10;0.005808378338340153
